HC0005KCX,HC0005KCX_900,-1,-1,-1,-1,Breaking News leaked call new got don't want to investigate. Because they shot at Police too. leaked snipers will not face trial.
HC0005KCX,HC0005KCX_200,-1,-1,-1,-1,Breaking News phone call between Estonian foreign minister and by foreign policy chief. skinning.
HC0005KCX,HC0005KCX_3600,-1,-1,-1,-1,Beaked-game snipers chain Breaking News leaked call same snipers shot at Police and protesters. Protesters and police on Madan.
HC0005KCX,HC0005KCX_4800,-1,-1,-1,-1,Protesters and Poland. Lake game snipers chain Breaking News leaked call new got don't want to investigate.
HC0005KCX,HC0005KCX_400,-1,-1,-1,-1,Eyes Wide Shut. Breaking News leaked call same snipers shot at Police and protesters.
HC0005KCX,HC0005KCX_3700,-1,-1,-1,-1,protesters and police on maiden. Lake game snipers shot . Breaking News leaked CALL same snipers shot at Police and protesters.
HC0005KCX,HC0005KCX_1600,-1,-1,-1,-1,protesters and police on Mandan. Lake game snipers shota. Breaking News leaked call new Goyt don't want to investigate.
HC0005KCX,HC0005KCX_3300,-1,-1,-1,-1,protesters and police on Maidan. Beaked game snipers shot at. Breaking News leaked call new Gove don't want to investigate.
HC0005KCX,HC0005KCX_2100,-1,-1,-1,-1,Because the shot at police too. leaked snipers will not face trial. Breaking News leaked Call same snipers shot at Police and protesters.
HC0005KCX,HC0005KCX_600,-1,-1,-1,-1,Breaking News leaked call new Goyt behind The snipers. Live Eyes Wide Shut.
HC0005KCX,HC0005KCX_1900,-1,-1,-1,-1," because they shot at police. leaked snipers will not face trial. Breaking News phone call between Estonian foreign minister and foreign policy chief.
HC0005KCX,HC0005KCX_300,-1,-1,-1,-1,. Breaking News phone call between Estonian foreign minister and a foreign policy chief."
HC0005KCX,HC0005KCX_1200,-1,-1,-1,-1,Because they ghora police too. leakedSnipers will not face trial. Breaking News leaked CALL same snipers shot at Police and protesters.
HC0005KCX,HC0005KCX_1500,-1,-1,-1,-1,Protesters and police on Madan. leaked game snipers shota. Breaking News leaked Call: New Govt behind the snipers.
HC0005KCX,HC0005KCX_2500,-1,-1,-1,-1,protesters and role on Mandan. Lake same snipers shot at. Breaking News leaked call new Goyt don't want to investigate.
HC0005KCX,HC0005KCX_2000,-1,-1,-1,-1,Lake snipers will not face trial. Because they shot at Police too. Breaking News leaked call same snipers shot at Police and protesters.
HC0005KCX,HC0005KCX_1300,-1,-1,-1,-1,protesters and police on Mandan. Beaked same snipers shot. Breaking News leaked Call: Same snipers shot at Police and protesters.
HC0005KCX,HC0005KCX_1800,-1,-1,-1,-1,Breaking News phone call between Estonian foreign minister and EU foreign policy chief. leaked snipers will not face trial. Because he shot at police.
HC0005KCX,HC0005KCX_1700,-1,-1,-1,-1,Protesters and police on Madan. Lake game snipers choral. Breaking News leaked call new Goyt don't want to investigate.
HC0005KCX,HC0005KCX_2700,-1,-1,-1,-1,Breaking News phone call between Estonian foreign minister and a foreign policy chief. Lake game snipers shota. Protesters and police on Maidan.
HC0005KCX,HC0005KCX_1400,-1,-1,-1,-1,protesters and porcelain. Lake game snipers shot . Breaking News leaked CALLNEW Goyt behind the snipers.
HC0005KCX,HC0005KCX_2300,-1,-1,-1,-1,Because they shot at Police. leakedSnipers will not face trial. Breaking News leaked call new Goyt behind the snipers.
HC0005KCX,HC0005KCX_700,-1,-1,-1,-1,MarinAksaray. Follow oikosArea Breaking News leaked Call: New Goyt behind the snipers.
HC0005KCX,HC0005KCX_100,-1,-1,-1,-1,Breaking News leaked call new Goyt don't want to investigate.
HC0005KCX,HC0005KCX_800,-1,-1,-1,-1,Breaking News leaked call new gave don't want to investigate.
HC0005KCX,HC0005KCX_3400,-1,-1,-1,-1,Protesters and police on Malden. Breaking News phone call between Estonian foreign minister and EU foreign policy chief. leaked game snipers chain.
HC0005KCX,HC0005KCX_2600,-1,-1,-1,-1,protesters and police on maiden. Lake game snipers shot. Breaking News phone call between Estonian Foreign Minister and EU foreign policy chief.
HC0005KCX,HC0005KCX_3800,-1,-1,-1,-1,protesters and police on Madan. Lake game snipers shot. Breaking News leaked call new Go behind the snipers.
HC0005KCX,HC0005KCX_3100,-1,-1,-1,-1,protesters and police on Malda. Lake game snipers shot. Breaking News leaked call new got behind the snipers.
HC0005KCX,HC0005KCX_3200,-1,-1,-1,-1,Protesters and police on Maidan. Lake game snipersshota. Breaking News leaked call new got don't want to investigate.
HC0005KCX,HC0005KCX_5100,-1,-1,-1,-1,Protesters and police on maiden. Breaking News phone call between Estonian foreign minister and EU foreign policy Chief. Lake game snipers chair.
HC0005KCX,HC0005KCX_4100,-1,-1,-1,-1,Breaking News leaked call new Gove don't want to investigate. Follow oikosarea. Marina Kosrae.
HC0005KCX,HC0005KCX_3900,-1,-1,-1,-1,Protesters and police on Maidan. Lake game snipers shot. Breaking News leaked call new Goyt behind the snipers.
HC0005KCX,HC0005KCX_4500,-1,-1,-1,-1,protesters and fountain. Lake game snipers show. Breaking News leaked call same snipers shot at police and protesters.
HC0005KCX,HC0005KCX_4200,-1,-1,-1,-1,protesters and police on Maidan. Lake game snipers shot. Breaking News phone call between Estonian Foreign Minister and EU foreign policy chief.
HC0005KCX,HC0005KCX_4700,-1,-1,-1,-1,protesters and police on madam. leaked game snipersghora Breaking News leaked call new govt behind the snipers.
HC0005KCX,HC0005KCX_1000,-1,-1,-1,-1,"Breaking News phone call between Estonian foreign minister and EU foreign policy chief. "" because they short polio. leaked snipers will not face trial."
HC0005KCX,HC0005KCX_4600,-1,-1,-1,-1,protesters and role on Madan. LeedsGame snipersshota. Breaking News leaked call new Govt behind the snipers.
HC0005KCX,HC0005KCX_2800,-1,-1,-1,-1,Follow oikosAraya. Breaking News leaked call same snipers shot at police and protesters. MarinAksaray.
HC0005KCX,HC0005KCX_4300,-1,-1,-1,-1,Protesters and police on Main. Breaking News phone call between Estonian foreign minister and EU foreign policy chief. Beaked game snipers shota.
HC0005KCX,HC0005KCX_4900,-1,-1,-1,-1,Protesters and Pole on Malden. leaked game snipers short. Breaking News peaked call new got don't want to investigate.
HC0005KCX,HC0005KCX_4400,-1,-1,-1,-1,protesters and con man. leaked game snipers short. Breaking News leaked call same snipers shot at Police and protesters.
HC0005KCX,HC0005KCX_2400,-1,-1,-1,-1,protesters and police on Maidan. Lake game snipers shot air. Breaking News leaked call new got don't want to investigate.
HC0005KCX,HC0005KCX_3000,-1,-1,-1,-1,protesters and police maiden. Lake Game snipers shot . Breaking News leaked call new Goyt behind the snipers.
HC0005KCX,HC0005KCX_4000,-1,-1,-1,-1,Breaking News leaked all new to don't want to investigate. Beaked game snipers shota. protesters and police on Maidan.
HC0005KCX,HC0005KCX_2900,-1,-1,-1,-1,Lake game snipers shot. Breaking News leaked call same snipers shot at police and protesters. protesters and police on Mandan.
HC0005KCX,HC0005KCX_2200,-1,-1,-1,-1,leaked Snipers will not face trial. Because they shot at Police too. Breaking News leaked call new Goyt behind the snipers.
HC0005KCX,HC0005KCX_500,-1,-1,-1,-1,Breaking News leaked call same snipers shot at police and protesters. Live uses de Shu.
HC0005KCX,HC0005KCX_5000,-1,-1,-1,-1,protesters and police on Alban. Breaking News phone call between Estonian foreign minister and EU foreign policy chief. Lake game Andersson. .
HC0005KCX,HC0005KCX_3500,-1,-1,-1,-1,Protesters and police on Maidan. Breaking News phone call between Estonian foreign minister and EU foreign policy chief. leaked game snipers shot at.
HC0005KCX,HC0005KCX_1100,-1,-1,-1,-1,Breaking News phone call between Estonian foreign minister and EU foreign policy chief. Because they shot at Police too. leakedSnipers will not face trial.
HC000RTFV,HC000RTFV_2200,-1,-1,-1,-1,COM news. com news. com news. Mitch McConnell. US Senate Majority Leader.
HC000TJJV,HC000TJJV_600,-1,-1,-1,-1,Freedom House report author. Arch Paddington.
HC000TQN9,HC000TQN9_1600,-1,-1,-1,-1,201. . nesciensrenewsrenews news news news news and Your.
HC000TQN9,HC000TQN9_2800,-1,-1,-1,-1,. 2010 NeWS news a news news news news news news. Journey.
HC000TQN9,HC000TQN9_2600,-1,-1,-1,-1,. News question. ban on Muslims coming to U.S. For What do you say to those supporting.
HC000TQN9,HC000TQN9_2700,-1,-1,-1,-1,News Question. San on Muslims coming to U.S. For What do you say to those supporting. . homestate.
IC0019N8A,IC0019N8A_21600,-1,-1,-1,-1,Go Task you you have to show people. The truth
IC0019N8A,IC0019N8A_11100,-1,-1,-1,-1,Edward scandal nominated as rector of Glasgow University.
IC0019N8A,IC0019N8A_10400,-1,-1,-1,-1,President says sanctions over Ukraine violence needed urgently.
IC0019N8A,IC0019N8A_12700,-1,-1,-1,-1,Moscow angry opposition ignoring actions of radical rioters in Ukraine.
IC0019N8A,IC0019N8A_10900,-1,-1,-1,-1,discuss European communication network with Hollande in Paris.
IC0019N8A,IC0019N8A_12500,-1,-1,-1,-1,Foreign Ministry Moscow will use influence to bring peace to it.
IC0019N8A,IC0019N8A_11700,-1,-1,-1,-1,Moscow angry opposition knowing actions of radical rioters in Ukraine.
IC0019N8A,IC0019N8A_10000,-1,-1,-1,-1,More on these stories visit WWW. com
IC0019N8A,IC0019N8A_9900,-1,-1,-1,-1,more on these stories set within com
IC0019N8A,IC0019N8A_11200,-1,-1,-1,-1,Lake torques European communication networks in Holland in Paris.
IC0019N8A,IC0019N8A_11600,-1,-1,-1,-1,Moscow angry opposition ignoring actions of radical rioters in Ukraine.
IC0019N8A,IC0019N8A_12100,-1,-1,-1,-1,President says sanctions over Ukraine violence needed urgently.
IC0019N8A,IC0019N8A_13300,-1,-1,-1,-1,Farmer increase hold nationwide protest over high taxes.
IC0019N8A,IC0019N8A_12000,-1,-1,-1,-1,President says sanctions over Ukraine violence needed urgently
IC0019N8A,IC0019N8A_10800,-1,-1,-1,-1,. Moscow neat opposition ignoring actions of radical rioters in Ukraine.
IC001LP15,IC001LP15_2100,-1,-1,-1,-1,A news. com views. com moanews. com views commoners. com Jongkiai Norathongsatom. Chiang Mai natural resource & environment.
IC001LP15,IC001LP15_1800,-1,-1,-1,-1,Las in business Anatolian study assistant. MasinissausualinsulationStanislausTunisian islands. Open burning. Global warming.
IC001N1ZE,IC001N1ZE_3600,-1,-1,-1,-1,Wolfgang control Meadows Corona. Christian Lemierre. International Institute for Strategic Studies.
IC001N1ZE,IC001N1ZE_3700,-1,-1,-1,-1, answer commands can handle comedienne. Christian Lemierre. International Institute for Strategic Studies of
IC001OOLA,IC001OOLA_1300,-1,-1,-1,-1,Meghna Abraham. Corporate Crimes researcher  news come to news commoners come to new commands conteanewscast
IC001OYND,IC001OYND_1400,-1,-1,-1,-1,The Common Era. Ahmad Garmast Afghanistan Youth Orchestra.
IC001OYND,IC001OYND_1300,-1,-1,-1,-1,Ahmad Sarmast. John contact component. Afghanistan Youth Orchestra.
HC0005N5R,HC0005N5R_2800,-1,-1,-1,-1,For regional self-determination. For more on these stories visit WWW. com 1620-mergingAngkor.
HC0005N5R,HC0005N5R_1200,-1,-1,-1,-1,Bayou support state autonomy. For the gang National Republic. Source Lugano Electra committee.
HC0005N5R,HC0005N5R_1200,-1,-1,-1,-1,BEING 1902 Self-Defense Forces CASALites in artillery Attack in Ukraine Village. 16.2% of voters in gangrene. For regional self-determination.
HC0005N5R,HC0005N5R_4300,-1,-1,-1,-1,New York 07:04 record 6 Lonokaehorestorer. For need nations recognition.
HC0005N5R,HC0005N5R_1100,-1,-1,-1,-1, support state autonomy. Source Lugano Electra Committee. For the gang National Republic.
HC0005N5R,HC0005N5R_1100,-1,-1,-1,-1,For regional self-determination. 16.2% of voters in Lugano vote. New York 07:02 Self-Defense Forces casualites in artillery attack in Ukraine Village.
HC0005N5R,HC0005N5R_800,-1,-1,-1,-1,Paula seer. Berlin 1301 Ukraine up to 2 killed Follow PallasLier R.
HC0005N5R,HC0005N5R_2200,-1,-1,-1,-1,LONDON12:02 Mass support for War street activist accused of police officer Assault. For regional self-determination. 2.2% of emerging answers.
HC0005N5R,HC0005N5R_2400,-1,-1,-1,-1,1902 - Yemen to killed 215 wounded in military police building suicide bombing. 190.20 voters in Lugano. For regional self-determination.
HC0005N5R,HC0005N5R_1300,-1,-1,-1,-1,Source Lugano Electra Committee. For the gang national Republic. Bayou support state autonomy.
HC0005N5R,HC0005N5R_1300,-1,-1,-1,-1,For regional self-determination. Moscow 1502 Donets interim authorities say 969 vote in referendum for greater autonomy. 16.2% of voters in Luganoknot
HC0005N5R,HC0005N5R_4200,-1,-1,-1,-1,New York 0704 reports: 400 U.S. mercenaries reported to fight against anti-govt activists in Ukraine. Ukraine
HC0005N5R,HC0005N5R_2600,-1,-1,-1,-1,For regional self-determination. Moscow 150337 bodies found on Kievan coast after a boat carrying emigrants sank. 20200 meters in banknote.
HC0005N5R,HC0005N5R_2100,-1,-1,-1,-1,20200 meters in length. For regional self-determination. Berlin 3:02MASS support for Wall Street activist accused of police officer Assault.
HC0005N5R,HC0005N5R_900,-1,-1,-1,-1,Ukraine London 1201 Krasnokamensk shooting as referendum polling stations seized. Donets.
HC0005N5R,HC0005N5R_2000,-1,-1,-1,-1,2020 meters in length. Moscow 1502 record 6 For regional self-determination.
HC0005N5R,HC0005N5R_2500,-1,-1,-1,-1,2020 forginggingko. For regional self-determination. Being 19 0237 bodies found on Libyan coast after a boat carrying emigrants sank.
HC0005N5R,HC0005N5R_3300,-1,-1,-1,-1,Ukraine 203. RagnarMevik shooting as referendum polling stations seized. Donets. Paul star. Follow PallasLier. Rt.
HC0005N5R,HC0005N5R_4000,-1,-1,-1,-1,Lugano authorities to appeal. Berlin 1303 - Ukraine: self-determination referendum finishes in Lugano For United Nations recognition.
HC0005N5R,HC0005N5R_4500,-1,-1,-1,-1,Moscow 1504 mass support for Walestreat activist accused of police officer assault. Lugano authorities to area. For unitednations recognition.
HC0005N5R,HC0005N5R_2300,-1,-1,-1,-1,New York 1702. Yemen to killed 215 wounded in military police building suicide bombing. 16.2% of voters in Luganoknots. For regional self-determination.
HC0005N5R,HC0005N5R_3600,-1,-1,-1,-1,Land Fascism. Parian the referendum and voted for a different or of The passed the point of no return desperation are all around  large majority of citizens of the Banat region took. State because they reached the end of their Patience.
HC0005N5R,HC0005N5R_3600,-1,-1,-1,-1,Key must immediately withdraw mercenary troops out. For the south-east of Ukraine.
HC0005N5R,HC0005N5R_3600,-1,-1,-1,-1,For United Nations recognition. Port Koch. deposed President of Ireland. Lucas authorities to appeal. New York 07:03 self-defence forces CASALites in artillery Attack in Ukraine Village.
HC0005N5R,HC0005N5R_1000,-1,-1,-1,-1,2020 voters Lugano vte For regional self-determination. 10701 Krasnokamensk shooting as referendum polling stations seized.
HC0005N5R,HC0005N5R_1600,-1,-1,-1,-1,2020 meters in Lucanskot. For regional self-determination. LONDON 1202 Ukraine self-determination referendum finishes in MUGANSK
HC0005N5R,HC0005N5R_3200,-1,-1,-1,-1,Ukraine Moscow 19:03 Ukraine up to 2 killed Donets. Paula Geier. Follow PallasLier.
HC0005N5R,HC0005N5R_4800,-1,-1,-1,-1,Eleanor authors to area. London 1204 Yemen to killed 215 wounded in military police building suicide bombing. Fortunaadnations recognition.
HC0005N5R,HC0005N5R_100,-1,-1,-1,-1,Live ticket out. Moscow 15037 bodies found on Libyan coast after a boat carrying migrants sank.
HC0005N5R,HC0005N5R_3500,-1,-1,-1,-1,Martin the referendum and voted for a different form of desperation are all around Sand Fascism. The passed the point of no return. Anger fear and Large majority of citizens of the done region took. State because they reached the end of their Patience.
HC0005N5R,HC0005N5R_3500,-1,-1,-1,-1,The must immediately withdraw mercenary troops out. For the south-east of Ukraine.
HC0005N5R,HC0005N5R_3500,-1,-1,-1,-1,For United Nations recognition. LONDON 12:03 self-defence forces: Casualites in artillery attack in Ukraine Village. Acer Koch. depose President of Ireland. Lucansk authorities to appeal.
HC0005N5R,HC0005N5R_3400,-1,-1,-1,-1,Martin the referendum and voted for a different form of State because they reached the end of their path. are majority of citizens of the done region took.
HC0005N5R,HC0005N5R_3400,-1,-1,-1,-1,Boats. . For United Nations recognition. Berlin 1303 HiranoArmenak shooting as referendum polling stations seized.
HC0005N5R,HC0005N5R_1500,-1,-1,-1,-1,Berlin 13:02 Ukraine self-determination referendum finishes in Lugano 2020 voters in Luganoknots. For rational self-determination.
HC0005N5R,HC0005N5R_3900,-1,-1,-1,-1,Sand Fascism. Pere in the referendum and voted for a different form (. weave passed the point of no return desperation are all around Large majority of citizens of the Moneta region took. State because they reached the end of their Patience.
HC0005N5R,HC0005N5R_3900,-1,-1,-1,-1,New must immediately withdraw mercenary troops out. For the south-east of Ukraine.
HC0005N5R,HC0005N5R_3900,-1,-1,-1,-1,For United Nations recognition. The GNU Koch. deposed President of France. Luansk authorities to appeal. Moscow 15:03 Ukraine self-determination referendum finishes in FlugAnak
HC0005N5R,HC0005N5R_1800,-1,-1,-1,-1,16-2007 voters unknot. For regional self-determination. Being 19:02 reports: 400 U.S. mercenaries reported to fight against anti-govt activists in Ukraine.
HC0005N5R,HC0005N5R_200,-1,-1,-1,-1,Berlin 13037 bodies found on the coast after a boat carrying migrants sank.
HC0005N5R,HC0005N5R_3700,-1,-1,-1,-1,And Fascism. Baron the referendum and voted for a different form of The passed the point of no return. Anger ear and desperation are all around  large majority of citizens of the Donets region took. State because they reached the end of their Patience.
HC0005N5R,HC0005N5R_3700,-1,-1,-1,-1,In must immediately withdraw mercenary troops out. For the south-east of Ukraine.
HC0005N5R,HC0005N5R_3700,-1,-1,-1,-1,For United Nations recognition. Romanovich. Roger president of them. UGANSK authorities to appeal. Being 1903 ONETSK interim authorities say 960 vote in referendum for greater autonomy.
HC0005N5R,HC0005N5R_1900,-1,-1,-1,-1,16.2% of voters in Lucanskot. Moscow 15:02 record 6 For regional self-determination.
HC0005N5R,HC0005N5R_3800,-1,-1,-1,-1,Park the referendum and acted for a different form . The passed the point of no return anger fear and And Fascism. desperation are all around are are citizens of the comet region took. State because the he reached the end of their patience.
HC0005N5R,HC0005N5R_3800,-1,-1,-1,-1,The must immediately withdraw mercenary troops out. For the south-east of Ukraine.
HC0005N5R,HC0005N5R_3800,-1,-1,-1,-1,For United Nations recognition. Romanovich. Lucas authorities to appeal. deposed President General. 12:03 SONETSk Interim authorities say 9600 vote in referendum for greater autonomy.
HC0005N5R,HC0005N5R_1400,-1,-1,-1,-1,16-2007 voters in Sanskrit. Berlin 1302 Donets Interim authorities say 960 vote in referendum for greater autonomy. For regional self-determination.
HC0005N5R,HC0005N5R_300,-1,-1,-1,-1,For more on these stories visit WWW. com Live ticket out.
HC0005N5R,HC0005N5R_1700,-1,-1,-1,-1,2020 voters in Luganoknots. For regional germination. New York 07:02 reports: 400 U.S. mercenaries reported to fight against anti-Govt activists in Ukraine.
HC0005N5R,HC0005N5R_4600,-1,-1,-1,-1,Berlin 1304 Mass support for Wall Street activist accused of police officer assault. Toastmasters. For United Nations recognition.
HC0005N5R,HC0005N5R_4100,-1,-1,-1,-1,Ukraine London 1204 reports: 400 U.S. mercenaries reported to fight against anti-govt activists in Ukraine. Donets. Ulster. Follow plaster art.
HC0005N5R,HC0005N5R_4700,-1,-1,-1,-1,EuganeaAutres to appeal. forunitednations recognition. Yemen to killed 215 wounded in military police building suicide bombing.
HC0005N5R,HC0005N5R_4900,-1,-1,-1,-1,Susank authorities to appeal. For United Nations recognition. New York 02:0437 bodies found on Libyan coast after a boat carrying migrants sank.
HC000ZLIF,HC000ZLIF_4600,-1,-1,-1,-1,. St. US  РККАОНА РСДРП.
IC0019MVI,IC0019MVI_2600,-1,-1,-1,-1,". ). . . Central. Election OHE. Pamela.  комиссариат. AICC. Atoka.
IC0019MVI,IC0019MVI_7500,-1,-1,-1,-1,КПСС. RELATION . AETRA. MGCP. комиссариат Mott.
IC0019MVI,IC0019MVI_33000,-1,-1,-1,-1,комитет Central . ИС.
IC0019MVI,IC0019MVI_33000,-1,-1,-1,-1,toneholes. PA ОНА .
IC0019MVI,IC0019MVI_4300,-1,-1,-1,-1,OHE. ELTON Central. Тиса. . LCC.  - ОНА
IC0019MVI,IC0019MVI_1700,-1,-1,-1,-1,). One. PARLACENTRL . Election NACC.  комиссариат . STAK P. TO
IC0019MVI,IC0019MVI_800,-1,-1,-1,-1,ОНА комиссариат APL-central. Election. The . AICC. Pasadena.
IC0019MVI,IC0019MVI_8500,-1,-1,-1,-1,СССР. комиссариат. Elect. . Central . C.C.
IC0019MVI,IC0019MVI_8500,-1,-1,-1,-1,The . Tok PEO.  OPEC. Ирина. .
IC0019MVI,IC0019MVI_32600,-1,-1,-1,-1,Central . комитет. ИС.
IC0019MVI,IC0019MVI_32600,-1,-1,-1,-1,Raja. АНТК. Pavel. Dolopes.
IC0019MVI,IC0019MVI_29400,-1,-1,-1,-1,Central . комитет ИС.
IC0019MVI,IC0019MVI_29400,-1,-1,-1,-1,RATP. АТ. . Oflag.
IC0019MVI,IC0019MVI_14000,-1,-1,-1,-1,СССР. Central . комитет ICCA.
IC0019MVI,IC0019MVI_16800,-1,-1,-1,-1,. BCT. ICCF. Central . комиссариат СССР.
IC0019MVI,IC0019MVI_13500,-1,-1,-1,-1,СССР. ILEC. . . комиссариат The ."
IC0019N1S,IC0019N1S_2900,-1,-1,-1,-1,and democracy. and demand. they support. Please contact. for freedom. Henry the Ukrainian people. your representatives. An their fight.
IC0019N1S,IC0019N1S_3000,-1,-1,-1,-1,and demand. they support. Please contact. the Ukrainian people. for freedom. your representatives. In their fight. and democracy.
IC0019N1S,IC0019N1S_3100,-1,-1,-1,-1,In early February 2014. This video was made.
IC0019N1S,IC0019N1S_3100,-1,-1,-1,-1,hopefully  and the strong people of Ukraine. things will get better.
IC0019N9T,IC0019N9T_4100,-1,-1,-1,-1,"Листьев. Tony cannot a canon and their is not. Станиславовна город. Вернадський на . Сорок. народна. Robert Крузенштернусовершенствовании. Православная real "". остранение. The . политика. For other people on 2004. Николай  науково. ."
IC0019NAY,IC0019NAY_6200,-1,-1,-1,-1,"2005 BCE АПЛ 2002 ЕЛ. Семён приНива. 200-17 ""КОН СТАРТ (АТ. 2019 . 2003 ВМАНТК 0021 . 2009 ЕЛКПСС."
IC0019NAY,IC0019NAY_5800,-1,-1,-1,-1,2005 BCE АПЛ 2024 . Семён приНива. 2017 ПРОЦ BCE Тесла. 10-9 Центральный. 2003 МиГ 2021 . 2009 ЕЛКПСС.
IC0019NAY,IC0019NAY_6000,-1,-1,-1,-1,00:05 BCE поАПЛ. 2002 4 . Елена приНива. 2017 BCEТесла. 2009 Центральный. 00:03 ВМАНТК 2021 . 2009 ЕЛКПСС.
IC001MOHQ,IC001MOHQ_1500,-1,-1,-1,-1,Hong Kong legislative court. James ten.
IC001MOHQ,IC001MOHQ_1400,-1,-1,-1,-1,James ten. Hong Kong Legislative Council.
IC001MOL7,IC001MOL7_1400,-1,-1,-1,-1,Hong Kong Legislative Council. James Tien.
HC0003LH3,HC0003LH3_1800,-1,-1,-1,-1,A news commoners commanews. com author and festival advisor. Ahmed Bacchic.
HC0005KOJ,HC0005KOJ_1100,-1,-1,-1,-1,"Donetsk separatists say nearly 100% voted ""yes. Breaking News. An illegal referendum Allies."
HC0005KOJ,HC0005KOJ_1200,-1,-1,-1,-1,UntilEGA referendum Allies. unclear how many eligible voters cast ballots. Breaking News.
HC0005KOJ,HC0005KOJ_1000,-1,-1,-1,-1,"Donetsk separatists say nearly 100% voted ""yes. An illegal referendum allies. Breaking News."
HC0005KOJ,HC0005KOJ_1500,-1,-1,-1,-1,Rebel-held Slovak is bridgehead for separatists. An illegal referendum Tales. Breaking News.
HC0005KOJ,HC0005KOJ_1400,-1,-1,-1,-1,An illegal referendum Tables. Breaking News. Rebel-held Slovak is bridgehead for separatists.
HC0005KOJ,HC0005KOJ_900,-1,-1,-1,-1,Independent observers report numerous violations. Breaking News. An illegal Referendum allies.
HC0005KOJ,HC0005KOJ_400,-1,-1,-1,-1,Breaking News. Luhansk rebels: Some 90% support sovereignty. An illegal referendum allies.
HC0005KOJ,HC0005KOJ_300,-1,-1,-1,-1,An illegal Referendum Tales. Kremlin-backed separatists announce poll results. Breaking News.
HC0005KOJ,HC0005KOJ_1700,-1,-1,-1,-1,Ukrainian troops control access to rebel stronghold. Breaking News. An illegal referendum allies.
HC0005KOJ,HC0005KOJ_500,-1,-1,-1,-1,Luhansk rebels: Some 90% support sovereignty. Breaking News. An illegal referendum allies.
HC0005KOJ,HC0005KOJ_800,-1,-1,-1,-1,Independent observers report numerous violations. Breaking News. An illegal referendum allies.
HC0005KOJ,HC0005KOJ_1600,-1,-1,-1,-1,Ukrainian troops control access to rebel stronghold. Breaking News. An illegal referendum allies.
HC0005KVS,HC0005KVS_1400,-1,-1,-1,-1,Baron AUTOVON VOS. A referendum on self-rule in eastern Ukraine ends Sunday nights.
HC0005KVS,HC0005KVS_1900,-1,-1,-1,-1,AUTOVON. New Preliminary voting results show majority in favor of self-rule.
HC0005KVS,HC0005KVS_2100,-1,-1,-1,-1,Baron AUTOVON vte The Preliminary voting results show majority in favor of self-rule.
HC0005KVS,HC0005KVS_2600,-1,-1,-1,-1,DagonAUTOVONNOTE. . Opposition to the poll in other parts of Ukraine.
HC0005KVS,HC0005KVS_1800,-1,-1,-1,-1,AUTOVON. The Preliminary voting results show majority in favor of self-rule.
HC0005KVS,HC0005KVS_4100,-1,-1,-1,-1, Referendum condemned by Ukrainian government and Western nations. Marion ANOVAs
HC0005KVS,HC0005KVS_1300,-1,-1,-1,-1,A referendum on self-rule in eastern Ukraine ends Sunday night. Baron AUTOMATON
HC0005KVS,HC0005KVS_4200,-1,-1,-1,-1,A Referendum condemned by Ukrainian government and Western nations. Marion DO NOT.
HC0005KVS,HC0005KVS_2000,-1,-1,-1,-1,The Preliminary voting results show majority in favor of self-rule. NaganoONUMOZ.
HC0005KVS,HC0005KVS_1600,-1,-1,-1,-1,Manzano GNOME NOTE A referendum on self-rule in eastern Ukraine ends Sunday night.
HC0005KVS,HC0005KVS_1500,-1,-1,-1,-1,CarronsNONNOTE. A referendum on self-rule in eastern Ukraine ends Sunday night.
HC0005KVS,HC0005KVS_1700,-1,-1,-1,-1,TarongONUMOZ. New Referendum on self-rule in eastern Ukraine ends Sunday nights.
HC0005KVS,HC0005KVS_3900,-1,-1,-1,-1,NeWS Referendum condemned by Ukrainian government and Western nations. Baron NME.
HC0005KVS,HC0005KVS_4000,-1,-1,-1,-1,The Referendum condemned by Ukrainian government and Western nations. Marion ONUMOZ.
HC0005KVS,HC0005KVS_2200,-1,-1,-1,-1,Barton ONUMOZ. A Preliminary voting results show majority in favor of self-rule.
HC0005KVS,HC0005KVS_2500,-1,-1,-1,-1,Baron AUTOVON. New Opposition to the poll in other parts of Ukraine.
HC0005KVS,HC0005KVS_3800,-1,-1,-1,-1,Baron ONUMOZ. NeWS Referendum condemned by Ukrainian government and Western nations.
HC000QSZ6,HC000QSZ6_100,-1,-1,-1,-1,Nuclear Security Summit. President Obama meets with members of 541 at the Washington
HC000TBZS,HC000TBZS_1100,-1,-1,-1,-1,courtesy U.S. Centers for Disease Control and Prevention.
HC000TJCQ,HC000TJCQ_600,-1,-1,-1,-1,Freedom House report author. Arch Paddington.
HC000TJCQ,HC000TJCQ_1700,-1,-1,-1,-1,The component to Monaco. Johns Hopkins School of Advanced International Studies. James Man.
HC000TJE5,HC000TJE5_1100,-1,-1,-1,-1,Palm Beach Text trump to 80022. True. America at all.
HC000TJE5,HC000TJE5_2700,-1,-1,-1,-1,Text true to 68022. Ferguson. Make America Great again. Palm Beach
HC000TJE5,HC000TJE5_2800,-1,-1,-1,-1,. Palm Beach Text true to 88022. Lake America Great again.
HC000TQR9,HC000TQR9_3300,-1,-1,-1,-1,courtesy U.S. Centers for Disease Control and Prevention.
HC000TQTN,HC000TQTN_2600,-1,-1,-1,-1,ban on Muslims coming to U.S. Four for What do you say to those supporting. DemDebate. Woolfson. .
HC000TQTN,HC000TQTN_2800,-1,-1,-1,-1,206. . renews news news news news news news news one. Mouret.
HC000TQTN,HC000TQTN_2900,-1,-1,-1,-1,poemdebate Democratic Presidential debate NEWS. com. Your voice. . . The .
HC000TQTN,HC000TQTN_2100,-1,-1,-1,-1,poemdebate Democratic presidential debate news com . . Tournai. Robert .
HC000TQTN,HC000TQTN_5200,-1,-1,-1,-1,Robert . . The . furnace. temperate Democratic President debate on Easton.
HC000TQTN,HC000TQTN_2700,-1,-1,-1,-1,DemDebate. San on Muslims coming to U.S. Woolfson. . You wore What do you say to those supporting.
HC000TQTN,HC000TQTN_1600,-1,-1,-1,-1,. Tournai. . 2010 News news news news has a news news news and
HC000TQTN,HC000TQTN_1600,-1,-1,-1,-1,Mount Democratic Presidential debate NEWScom
HC000TQTN,HC000TQTN_5800,-1,-1,-1,-1,. temperate Democratic presidential debate news. com. The . Young
IC001MKUG,IC001MKUG_1300,-1,-1,-1,-1,Russian foreign minister. Sergey Lavon. Monaco waters commoners car.
IC001MKUG,IC001MKUG_2300,-1,-1,-1,-1,Atlas compares Company. Bruce Klinger. Heritage Foundation.
IC001MZMN,IC001MZMN_800,-1,-1,-1,-1,They were treated like heroes. from Borg SAMDEL
IC001MZMN,IC001MZMN_300,-1,-1,-1,-1,Bell did it after listening to Voice of America. From Bora SAMDEL
IC001MZMN,IC001MZMN_400,-1,-1,-1,-1,SAMDEL What did they say. from Bora
HC00057FV,HC00057FV_1000,-1,-1,-1,-1,Dmitri fellow Jaroslav Bondarenko. Canyon stake. Erich S. Such
HC0005KMS,HC0005KMS_2200,-1,-1,-1,-1,reports: 400 U.S. mercenaries reported to fight against anti-govt activists in Ukraine. Maggie queue large Turner. East votes on self-determination.
HC0005KMS,HC0005KMS_2300,-1,-1,-1,-1,East votes on self-determination. Massive queues return. .
HC0005KMS,HC0005KMS_2500,-1,-1,-1,-1,Silver on self-determination. Maggie Queen large turnout. Maine Moscow 0002MASS support for street activist accused of police officer Assault.
HC0005KMS,HC0005KMS_1100,-1,-1,-1,-1,George from rudely as video agency. Wales for region guano.
HC0005KMS,HC0005KMS_900,-1,-1,-1,-1,hollowareUlster. For more on these stories visit WWW. com A Ger.
HC0005KMS,HC0005KMS_2600,-1,-1,-1,-1,East votes on self-determination. Massive queues
HC0005KMS,HC0005KMS_1600,-1,-1,-1,-1,OlarRagnarMeyer shooting as referendum polling stations seized. East votes on self-determination. Maggie queues large turn.
HC0005KMS,HC0005KMS_3500,-1,-1,-1,-1,Massive ones Larestani. Ukraine savories on self-determination. killed
HC0005KMS,HC0005KMS_2900,-1,-1,-1,-1,Bodies found on eleven coast after a boat carrying emigrant sank. Footage from eruptions video agency. Wing region status.
HC0005KMS,HC0005KMS_1300,-1,-1,-1,-1,Portage from running video Agency. Louis for region status vte
HC0005KMS,HC0005KMS_2100,-1,-1,-1,-1,footage from rural as video agency. selectorreconciles vte
HC0005KMS,HC0005KMS_1900,-1,-1,-1,-1,footage from ruptures Video agency. Restoration status vte Ukraine: self-determination referendum finishes in HigashiDonets regions.
HC0005KMS,HC0005KMS_4200,-1,-1,-1,-1,Being of Ukraine self-determination referendum finishes in flank donetsk regions. Portage from riverside Agency. Note counting on region status.
HC0005KMS,HC0005KMS_4100,-1,-1,-1,-1,Portage promptly as video Agency. 00s Ukraine self-determination referendum finishes in Alsace bones regions. RoscoeWinnegance.
HC0005KMS,HC0005KMS_2000,-1,-1,-1,-1,Ukraine self-determination referendum finishes in elegans Adonis Footage from rupture video Agency. West Region as well.
HC0005KMS,HC0005KMS_3400,-1,-1,-1,-1,East votes on self-determination Ukraine Donets. Massive queues
HC0005KMS,HC0005KMS_300,-1,-1,-1,-1,Mass support for industrial activist accused of police officer assault. Live were real.
HC0005KMS,HC0005KMS_4400,-1,-1,-1,-1,Moscow 1905. reports: 400 U.S. mercenaries reported to fight against anti-govt activists in Ukraine. Footageeromruby aside agency. Mahoning nation state.
HC0005KMS,HC0005KMS_4300,-1,-1,-1,-1,AGA. reconversion stars. Live. Cottage from rudders video agency. Year 1805 reports: 400 U.S. mercenaries reported.
HC0005KMS,HC0005KMS_3700,-1,-1,-1,-1,Do You support the act of State self-rule. Привет. The Gans People's Republic. The doneTsK People's Republic or
HC0005KMS,HC0005KMS_1800,-1,-1,-1,-1,Footage from rupture video Agency. Wales corridors vote.
HC0005KMS,HC0005KMS_1500,-1,-1,-1,-1,Bagoas on self-determination. Brian armies shooting as referendum polling stations seized. Massive queues
HC0005KMS,HC0005KMS_2800,-1,-1,-1,-1,East are angels determination. Military Police building suicide bombing. Massive queues
HC0005KMS,HC0005KMS_3600,-1,-1,-1,-1,The Luang People's Republic. For the Danish People's Republic or Bayou support the act of state self-rule.
HC0005KMS,HC0005KMS_3600,-1,-1,-1,-1,East votes on self-determination. Massive queues
HC0005KMS,HC0005KMS_3800,-1,-1,-1,-1,East votes on self-determination. Massive uses. Large turnout.
HC0005KQD,HC0005KQD_1600,-1,-1,-1,-1,Stordalen. The gene. . . Developing story. Ukraine leads to a palace and (.  Happy. .
HC0005KQD,HC0005KQD_2200,-1,-1,-1,-1,. Ukraine heads of focused on CNN. Developing story.
HC0005KQD,HC0005KQD_1900,-1,-1,-1,-1,Ukraine Heads of Roger Bacon (Can). . Developing Story.
HC0005KQD,HC0005KQD_3400,-1,-1,-1,-1,The theme song for some time. Developing story. .
HC0005KQD,HC0005KQD_4400,-1,-1,-1,-1,Ukraine and for focus referendum CNN. . Developing Story.
HC0005KQD,HC0005KQD_4500,-1,-1,-1,-1,Ukraine also focused on CNN. . Developing Story.
HC0005KQD,HC0005KQD_2900,-1,-1,-1,-1,Iran has the same name (N. Developing story. The .
HC0005KQD,HC0005KQD_5000,-1,-1,-1,-1,Ukrainians or focus referendum CNN. . Developing Story.
HC0005KQD,HC0005KQD_3100,-1,-1,-1,-1,Ukraine heads the momentum (. . Developing Story.
HC0005KQD,HC0005KQD_2000,-1,-1,-1,-1,Developing story. . Ukraine heads for focusing on CNN.
HC0005KQD,HC0005KQD_800,-1,-1,-1,-1,Ukraine also focused on (CAN). Developing story. The .
HC0005KQD,HC0005KQD_2700,-1,-1,-1,-1,. Developing Story. Ukraine has an older term (.
HC0005KQD,HC0005KQD_3000,-1,-1,-1,-1,East was the second tallest man. . Developing story.
HC0005KQD,HC0005KQD_2100,-1,-1,-1,-1,. Developing Story. Ukraine heads or organism (.
HC0005KQD,HC0005KQD_900,-1,-1,-1,-1,. Developing Story. Grant is a generic term (.
HC0005KQD,HC0005KQD_1400,-1,-1,-1,-1,. Developing Story. Grant has won more random (. . The .
HC0005KQD,HC0005KQD_5200,-1,-1,-1,-1,Saint teams or focus from CNN. Developing story. .
HC0005KQD,HC0005KQD_2800,-1,-1,-1,-1,. Grant is a dependence erosion (. Developing Story.
HC0005KQD,HC0005KQD_3300,-1,-1,-1,-1,The treatment for some time (. Developing Story. .
HC0005KQD,HC0005KQD_200,-1,-1,-1,-1,Canada has the same name (N. Developing Story. .
HC0005KQD,HC0005KQD_1800,-1,-1,-1,-1,Developing story. Ukrainians conference room (CNN. .
HC0005KQD,HC0005KQD_1500,-1,-1,-1,-1,. Ukraine heads of mourners (. Developing Story.
HC0005KQD,HC0005KQD_5100,-1,-1,-1,-1,Developing Story. There are also focused on CNN. .
HC0005KQD,HC0005KQD_100,-1,-1,-1,-1,Independence is the oldest record (. Developing story. .
HC0005KQD,HC0005KQD_5400,-1,-1,-1,-1,Ukraine as or focus referendum CNN. Developing story. .
HC0005KQD,HC0005KQD_4800,-1,-1,-1,-1,. Developing story. Jean has no road from (.
HC0005KQD,HC0005KQD_700,-1,-1,-1,-1,Exeter native for Russian culture at American University. Anton Hayashi. Developing Story. The .
HC000Q8BZ,HC000Q8BZ_4400,-1,-1,-1,-1,Armed insurgency. A controlled by Russia. occupation of RSA. Russian protests.
HC000Q8BZ,HC000Q8BZ_5600,-1,-1,-1,-1,Please Subscriber Right Now. overarching. Star out of rate. Commemorating. A voter turnout. North Russia. No of business.
HC000Q8BZ,HC000Q8BZ_5000,-1,-1,-1,-1,Russian protests. A controlled by Russia. Occupation of Ra. Armed insurgency.
HC000QT1H,HC000QT1H_100,-1,-1,-1,-1,President Obama meets with members of Plat. Washington Nuclear Security Summit.
HC000TJCP,HC000TJCP_2800,-1,-1,-1,-1,Palm Beach The area. Mark America Great again. TEXT Trump to 88022.
HC000TJCP,HC000TJCP_2700,-1,-1,-1,-1,Palm Beach . Make America Great again. Texas 2022.
HC000TQUW,HC000TQUW_3300,-1,-1,-1,-1,Rosy U.S. Centers for Disease Control and Prevention.
HC000TQVO,HC000TQVO_2700,-1,-1,-1,-1,those supporting. Muslims coming to U.S.
HC000TQVO,HC000TQVO_2600,-1,-1,-1,-1,those supporting. Muslims coming to U.S.
IC0019MZJ,IC0019MZJ_2800,-1,-1,-1,-1,. European Union to action. Security Policy. Alan Representative.
IC0019MZJ,IC0019MZJ_500,-1,-1,-1,-1,. Security Policy. China European Union to action. High Represent.
IC0019MZJ,IC0019MZJ_2900,-1,-1,-1,-1,European Union election. Security Policy. . High Representative it.
IC0019MZJ,IC0019MZJ_600,-1,-1,-1,-1,. European Union red action. Security Policy. High Representative the
IC0019MZJ,IC0019MZJ_3400,-1,-1,-1,-1,European Union to action. Security Policy. High Representative .
IC0019MZJ,IC0019MZJ_1100,-1,-1,-1,-1,Security policy. High Representative . European Union or color.
IC0019MZJ,IC0019MZJ_900,-1,-1,-1,-1,. High Represent. Security Policy. . European Union to action.
IC0019MZJ,IC0019MZJ_3500,-1,-1,-1,-1,. High Representative else. Security Policy. European Union to Persian.
IC0019MZJ,IC0019MZJ_2300,-1,-1,-1,-1,European Union led region. Security policy. Alan Representatives
IC0019MZJ,IC0019MZJ_300,-1,-1,-1,-1,. High Representative of the Security policy. European Union or nation.
IC0019MZJ,IC0019MZJ_1200,-1,-1,-1,-1,High Representative . Security Policy. European Union to resign.
IC0019MZJ,IC0019MZJ_200,-1,-1,-1,-1,. What Representative. Security policy. European Union or Region.
IC0019MZJ,IC0019MZJ_2700,-1,-1,-1,-1,European Union election. . High Representative. Security Policy.
IC0019MZJ,IC0019MZJ_2600,-1,-1,-1,-1,European Union to action. Security Policy. . Man Representative them.
IC0019MZJ,IC0019MZJ_2200,-1,-1,-1,-1,European Union or region. High Representative due. Security Policy.
IC0019MZJ,IC0019MZJ_3100,-1,-1,-1,-1,High Representative . Security Policy. European Union for Nation.
IC0019MZJ,IC0019MZJ_2100,-1,-1,-1,-1,. High Represent. Security policy. . European Union to resign.
IC0019MZJ,IC0019MZJ_3300,-1,-1,-1,-1,European Union on location. . Security Policy. High Representative it.
IC0019MZJ,IC0019MZJ_1900,-1,-1,-1,-1,. Security Policy. High Representative . European Union election.
IC0019MZJ,IC0019MZJ_800,-1,-1,-1,-1,. Security Policy. European Union extortion. High Representative of the.
IC0019MZJ,IC0019MZJ_3200,-1,-1,-1,-1,. Security Policy. High Representative . European Union election.
IC0019MZJ,IC0019MZJ_700,-1,-1,-1,-1,. European Union led Nation. Security Policy. . High Represent.
IC0019MZJ,IC0019MZJ_1600,-1,-1,-1,-1,Atlas and Security Policy. Man Representatives European Union Ken Norton.
IC0019MZJ,IC0019MZJ_2000,-1,-1,-1,-1,. European Union for Nation. Security Policy. High Representative of the
IC0019MZJ,IC0019MZJ_1700,-1,-1,-1,-1,. European Union action. Security Policy. High Representative .
IC0019MZJ,IC0019MZJ_1800,-1,-1,-1,-1,. . Security policy. High Represent. European Union or action.
IC0019MZJ,IC0019MZJ_3000,-1,-1,-1,-1,Security Policy. European Union erosion. High Representative of the .
IC0019MZJ,IC0019MZJ_2500,-1,-1,-1,-1,European Union for action. . Security policy. High Representative of the
IC0019MZJ,IC0019MZJ_1000,-1,-1,-1,-1,. A county Policy. High Representative . European Union erosion.
IC0019MZJ,IC0019MZJ_1400,-1,-1,-1,-1,Alain and security policy. European Union election. Alan Representative .
IC0019MZJ,IC0019MZJ_100,-1,-1,-1,-1,High Representative . Security Policy. European Union or ocean.
IC0019N4H,IC0019N4H_2500,-1,-1,-1,-1,breaking news report several police officers taken Hostage by radicals. Key mourns 20 killed as hundreds. Hospitals in wave of violence.
IC0019N4H,IC0019N4H_2300,-1,-1,-1,-1,hospitalised in wave of violence. Breaking News Interior Ministry roof sniper firing live ammunition at riot police. Kia mourns skilled as hundreds.
IC0019N4H,IC0019N4H_500,-1,-1,-1,-1,Fire guns and take Police hostage. Radicals break truce with President. Breaking News Ukraine rioters clash with police despite declared truce.
IC0019N4H,IC0019N4H_3200,-1,-1,-1,-1,Breaking News Report several police officers taken Hostage by radicals.  renewed riots in Ukraine capital. Andrew comes under fire at centre.
IC0019N4H,IC0019N4H_800,-1,-1,-1,-1,Breaking news reports several police officers taken hostage by radicals. Sir guns and take police hostage. Radicals break truce with president.
IC0019N4H,IC0019N4H_4700,-1,-1,-1,-1,RT-crew comes under fire at centre. Breaking News protesters in Ukraine firearm crew  renewed riots in Ukraine capital.
IC0019N4H,IC0019N4H_1700,-1,-1,-1,-1,Key mourns 20 killed as hundreds. Breaking News Report: Several Police officers taken Hostage by Radicals. hospitalised in wave of violence.
IC0019N4H,IC0019N4H_600,-1,-1,-1,-1,Fire guns and take police hostage. radicals break truce with president. Breaking News Interior Ministry roof sniper firing live ammunition at riot police.
IC0019N4H,IC0019N4H_4400,-1,-1,-1,-1, renewed riots in Ukraine capital. A crew comes under fire at centre.
IC0019N4H,IC0019N4H_4800,-1,-1,-1,-1,Drew comes under great centre.  renewed riots in Ukraine capital.
IC0019N4H,IC0019N4H_2800,-1,-1,-1,-1,hospitalised in wave of violence. Key mourns 22 killers hundreds. Breaking News Ukraine rioters clash with police despite declared Truce.
IC0019N4H,IC0019N4H_4300,-1,-1,-1,-1,Breaking News Report: Several police officers taken hostage by radicals.  renewed riots in Ukraine capital. Drew comes under readers.
IC0019N4H,IC0019N4H_2400,-1,-1,-1,-1,Key mourns 20 killed hundreds. Breaking News report several police officers taken Hostage by radicals. hospitalised in way of violence.
IC0019N4H,IC0019N4H_4200,-1,-1,-1,-1, renewed riots in Ukraine capital. Live at crew comes under fire at centre.
IC0019N4H,IC0019N4H_3500,-1,-1,-1,-1,The renewed riots in Ukraine capital. A crew comes under fire at centre. Breaking News protesters break up Security lines around Parliament.
IC0019N4H,IC0019N4H_1600,-1,-1,-1,-1,Key mourns 20 killed as hundreds. Breaking News Report. Several police officers taken Hostage by radicals. hospitalised in wave of violence.
IC0019N4H,IC0019N4H_2200,-1,-1,-1,-1,Key mourns 20 killed ignored. hospitalised in war or violence. Breaking News Interior Ministry roof sniper firing live ammunition at riot police.
IC0019N4H,IC0019N4H_5200,-1,-1,-1,-1,Breaking News interior ministry roof sniper firing live ammunition at riot police. A crew comes under great centre. The renewed riots in Ukraine capital.
IC0019N4H,IC0019N4H_4500,-1,-1,-1,-1, renewed riots in Ukraine capital. Breaking News protesters break up security lines around Parliament. Andrew comes under area genre.
IC0019N4H,IC0019N4H_2100,-1,-1,-1,-1,Karl mourns killed hundreds. Breaking News hospitalised in wave of violence.
IC0019N4H,IC0019N4H_900,-1,-1,-1,-1,Breaking News report several police officers taken Hostage by radicals. Fire guns and take police hostage. Radicals break truce with President.
IC0019N4H,IC0019N4H_3600,-1,-1,-1,-1,A crew comes under fire at centre.  renewed riots in Ukraine capital. Breaking News protesters in Ukraine fire Art CREW
IC0019N4H,IC0019N4H_1500,-1,-1,-1,-1,Key mourns 20 killed as hundreds. Breaking News Interior Ministry roof sniper firing Live ammunition at riot police. hospitalised in wave of violence.
IC0019N4H,IC0019N4H_2600,-1,-1,-1,-1,Breaking News protesters break up security lines around parliament. hospitalised wave of violence. Key mourns 20 killed as Hundred.
IC0019N4H,IC0019N4H_5400,-1,-1,-1,-1,New comes under area centre. Breaking News report several police officers taken Hostage by radicals. of renewed riots in Ukraine capital.
IC0019N4H,IC0019N4H_3800,-1,-1,-1,-1, renewed riots in Ukraine capital.  crew comes under fire at centre. Breaking News rioters clash with police
IC0019N4H,IC0019N4H_1200,-1,-1,-1,-1,AlekseyarosHeyse. Breaking News Ukraine rioters clash with police despite declared Truce. . Follow YarORT
IC0019N4H,IC0019N4H_2000,-1,-1,-1,-1,Key mourns billed as hundreds. hospitalised in ways of violence. Breaking News Ukraine rioters clash with police despite declared truce.
IC0019N4H,IC0019N4H_4100,-1,-1,-1,-1,Breaking News Interior Ministry roof sniper firing the ammunition at Rio police. The renewed riots in Ukraine capital. For come under fire at centre.
IC0019N4H,IC0019N4H_5000,-1,-1,-1,-1,A Crew comes under fire centre.  renewed riots in Ukraine capital.
IC0019N4H,IC0019N4H_700,-1,-1,-1,-1,Fire guns and take police hostage. radicals Break truce with President. Breaking News interior ministry roof sniper firing live ammunition at riot police.
IC0019N4H,IC0019N4H_4900,-1,-1,-1,-1,Breaking News rioters clash with police takeover buildings despite declared truce. Bremnesundercurrent. Warren warriors in Ukraine capital.
IC0019N4H,IC0019N4H_5700,-1,-1,-1,-1,Drew comes under fire center. Breaking News protesters in Ukraine firearm crew A renewed riots in Ukraine capital.
IC0019N4H,IC0019N4H_1900,-1,-1,-1,-1,Breaking News protesters break up security lines around parliament. Key mourns killed hundreds. hospitalised in wave of violence.
IC0019N4H,IC0019N4H_1000,-1,-1,-1,-1,freons and take place hosts. Radicals break truce with President. Breaking News protesters break up Security lines around Parliament.
IC0019N4H,IC0019N4H_5100,-1,-1,-1,-1,Breaking News Interior Ministry roof sniper firing live ammunition at riot police. CREW comes under fire at centre.  renewed riots in Ukraine capital.
IC0019N4H,IC0019N4H_400,-1,-1,-1,-1,Fire guns and take place hostage. Radicals break truce with President. Breaking News Ukraine rioters clash with police despite declared Truce.
IC0019N4H,IC0019N4H_1400,-1,-1,-1,-1,Breaking News Interior Ministry roof sniper firing live ammunition at riot police. Kiel mourns 20 killed as hundreds. hospitalised in wave of violence.
IC0019N4H,IC0019N4H_100,-1,-1,-1,-1,Fire guns and take police hostage. Radicals break truce with President. breaking news report several police officers taken hostage by radicals.
IC0019N4H,IC0019N4H_3900,-1,-1,-1,-1,Breaking News rioters clash with police A crew comes under fire at centre.  renewed riots in Ukraine capital.
IC0019N4H,IC0019N4H_5800,-1,-1,-1,-1,Art crew comes under fire centre. Breaking News protesters in Ukraine fire at CREW  renewed riots in Ukraine capital.
IC0019N4H,IC0019N4H_1800,-1,-1,-1,-1,. mesopause in wave of violence. Kiel mourns killed as Hundred. Breaking News protesters break up security lines around parliament.
IC0019N4H,IC0019N4H_1300,-1,-1,-1,-1,Kay means skilled as Hundred. Hospitalaria of violence. Breaking News Ukraine rioters clash with police despite declared Truce.
IC0019N4H,IC0019N4H_5500,-1,-1,-1,-1, are comes under fire at centre. Breaking News protesters break up Security lines around Parliament. A renewed riots in Ukraine capital.
IC0019N4H,IC0019N4H_4000,-1,-1,-1,-1,CREW comes under fire at centre.  renewed riots in Ukraine capital. Breaking News interior ministry roof sniper firing live ammunition at riot police. .
IC0019N4H,IC0019N4H_2700,-1,-1,-1,-1,Key mourns several hundreds. hospitalised in wave of violence. Breaking News protesters break up security lines around Parliament.
IC0019N4H,IC0019N4H_3100,-1,-1,-1,-1,or renewed riots in Ukraine capital. Breaking News Interior Ministry roof sniper firing ammunition at riot police. New comes under fire at centre.
IC0019N4H,IC0019N4H_4600,-1,-1,-1,-1,Drew comes under fire at centre.  renewed riots in Ukraine capital.
IC0019N4H,IC0019N4H_3700,-1,-1,-1,-1,Renewed riots in Ukraine capital. RT-crew comes under fire at centre. Breaking News protesters in Ukraine Fire art grew
IC0019N4H,IC0019N4H_1100,-1,-1,-1,-1,Breaking News protesters break up security lines around parliament. Fire guns and take police hostage. radicals break truce with President.
IC0019N4H,IC0019N4H_3400,-1,-1,-1,-1,For renewed riots in Ukraine capital.  crew comes under fire at centre. Breaking News protesters break up security lines around Parliament.
IC0019N4H,IC0019N4H_300,-1,-1,-1,-1,Fire guns and take police hostage. Radicals break truce with president. Breaking News protesters break up security lines around Parliament.
IC0019N4H,IC0019N4H_5900,-1,-1,-1,-1,Breaking News rioters clash with Police take over buildings despite declared truce. CREW comes under fire at centre. of renewed riots in Ukraine capital.
IC0019N4H,IC0019N4H_5600,-1,-1,-1,-1,Breaking News protesters break up security lines around Parliament. New comes under fire centre.  renewed riots in Ukraine capital.
IC0019N4H,IC0019N4H_200,-1,-1,-1,-1,Fire guns and a police state. radicals break truce with President. Breaking News protesters break up securities around parliament.
IC0019N4H,IC0019N4H_3000,-1,-1,-1,-1,Breaking News Interior Ministry roof sniper firing live ammunition at riot police.  renewed riots in Ukraine capital. renew comes under fire at centre.
IC0019N4H,IC0019N4H_2900,-1,-1,-1,-1,Kievmourns 20 killed as hundreds. hospitalised in wave of violence. Breaking News Ukraine rioters clash with police despite declared Truce.
IC0019N4H,IC0019N4H_5300,-1,-1,-1,-1,breaking news report several police officers taken Hostage by radicals. A grew come under fire centre. Terence riots in Ukraine Caria.
IC0019N4H,IC0019N4H_3300,-1,-1,-1,-1,Breaking News Report: Several Police Officers taken Hostage by radicals.  renewed riots in Ukraine capital. New comes under fire at centre.
IC001GSPP,IC001GSPP_2600,-1,-1,-1,-1, which occurred after the possible death. For the leader group Abu Bakr al-Baghdadi.
IC001GSPP,IC001GSPP_3300,-1,-1,-1,-1,burned firefighters and smoke bombs. the protesters held red-black flags.
IC001GSPP,IC001GSPP_800,-1,-1,-1,-1,Commission Jean-Claude Junker. Petro Poroshenko after the meeting of the President of Ukraine.
IC001GSPP,IC001GSPP_1800,-1,-1,-1,-1,isis militants declared the city of tall Afar. The Iraqi province of Ninewa an independent state.
IC001GSPP,IC001GSPP_1100,-1,-1,-1,-1,According to the outlet the joint statement contain a phrase.
IC001GSPP,IC001GSPP_4300,-1,-1,-1,-1,It is noted that 20 militants were liquidated. several dozen were injured.
IC001GSPP,IC001GSPP_3700,-1,-1,-1,-1,Hamas Syrian Air Force destroyed 20. is fighters in the east of the province.
IC001GSPP,IC001GSPP_600,-1,-1,-1,-1,on the final statement on the Ukraine-El-summit. Kiev and EU representatives could not agree.
IC001GSPP,IC001GSPP_3500,-1,-1,-1,-1,rally During the clashes with participants of the
IC001GSPP,IC001GSPP_2400,-1,-1,-1,-1,testify to the split in Isis. It is noted that the events in all Afar.
IC001GSPP,IC001GSPP_3100,-1,-1,-1,-1,"New Forces Movement""Svoboda"" National Corps Azov' are taking part in Supporters of the Mikhail Sakashilt's."
IC001GSPP,IC001GSPP_1900,-1,-1,-1,-1,the Iraqi province of Nine was an independent state. Isismilitants declared the city of tall Afar.
IC001GSPP,IC001GSPP_500,-1,-1,-1,-1,Kiev and El representatives could not agree. on the final statement on the Ukraine-EU summit.
IC001GSPP,IC001GSPP_4000,-1,-1,-1,-1,the east of Hama province. Syrian Air Force carried out a number of missile and bomb strikes at the ISIS base.
IC001GSPP,IC001GSPP_3600,-1,-1,-1,-1,rally During the clashes with participants of the
IC001GSPP,IC001GSPP_2500,-1,-1,-1,-1,of the leader group Abu Bakr al-Baghdadi. which occurred after the possible death.
IC001GSPP,IC001GSPP_1000,-1,-1,-1,-1,According to the outlet the joint statement contain a phrase.
IC001GSPP,IC001GSPP_900,-1,-1,-1,-1,Petro Poroshenko Commission Jean-Claude Junker.  after the meeting of the President of Ukraine.
IC001GSPP,IC001GSPP_1300,-1,-1,-1,-1,In this fragment recognizes the European aspirations of Ukraine.
IC001GSPP,IC001GSPP_4200,-1,-1,-1,-1,of the weapons warehouse and several units of equipment. The result of the air raid was the destruction.
IC001GSPP,IC001GSPP_3200,-1,-1,-1,-1,New Forces Movement National Corps Azov' are taking part in  supporters of the Mikhail Sakashill's.
IC001GSPP,IC001GSPP_2800,-1,-1,-1,-1,was held a protest action for the abolition of Today parliamentary immunity.
IC001GSPP,IC001GSPP_2200,-1,-1,-1,-1,According to available information Who'll violate the orders of the new authorities. threatened with cruel punishment anyone.
IC001GSPP,IC001GSPP_3900,-1,-1,-1,-1,the east of Hama province. Syrian Air Force carried out a number of missile and bomb strikes at the ISIS base.
IC001GSPP,IC001GSPP_3800,-1,-1,-1,-1,Hara: Syrian Air Force destroyed 20. is fighters in the east of the province.
IC001GSPP,IC001GSPP_3000,-1,-1,-1,-1,"New Forces Movement"" Supporters of the Mikhail Sakashili's. National Corps Azov' are taking part in"
IC001GSPP,IC001GSPP_400,-1,-1,-1,-1,interrupted due to Brussels position. Agreement on declaration of Ukraine-EU summit.
IC001GSPP,IC001GSPP_4400,-1,-1,-1,-1,It is noted that 20 militants were liquidated several dozen were injured.
IC001GSPP,IC001GSPP_4100,-1,-1,-1,-1,The result of the air raid was the destruction. of the weapons warehouse and several units of equipment.
IC001GSPP,IC001GSPP_1500,-1,-1,-1,-1,Union opposed the inclusion of this line. However
IC001GSPP,IC001GSPP_2300,-1,-1,-1,-1,threatened with cruel punishment anyone. According to available information whorl violate the orders of the new authorities.
IC001GSPP,IC001GSPP_2900,-1,-1,-1,-1,parliamentary immunity. was held a protest action for the abolition of Today
IC001JY54,IC001JY54_1800,-1,-1,-1,-1,North patented USACE. People's Republic Cent. PUBLIC. Arles atomic. . ).  Елена КОНИС.  comet. . . Boules republic. .
IC001JY54,IC001JY54_1500,-1,-1,-1,-1,"A scene. Thomas Republic Cer. . ones ROC Karl. Boris republic. "". . . . MSRPC. Большая."
IC001JY54,IC001JY54_2400,-1,-1,-1,-1,Charles Revue. Nils Nilsson. ЕленаКОН. Public C. . . ROM. Jones Republic Gen. . .
IC001JY54,IC001JY54_6300,-1,-1,-1,-1,ROM. The . . Sports republic central. The here. Олена КПСС Forest MCC. Forest patch (central. Bruce.
IC001M33G,IC001M33G_3200,-1,-1,-1,-1,Award region. Mohammed Bassa al-Nasser. Jones commanews come to news.
IC001MZLY,IC001MZLY_400,-1,-1,-1,-1,What did they say. From Bora SAMDEL
IC001MZLY,IC001MZLY_300,-1,-1,-1,-1,A did it after listening to Voice of America SAMDEL from Bora Gannon.
IC001MZLY,IC001MZLY_800,-1,-1,-1,-1,SAMDEL from Borg They were treated like heroes.
HC0005BSD,HC0005BSD_2700,-1,-1,-1,-1,But there could also have been.
HC0005BSD,HC0005BSD_2500,-1,-1,-1,-1,Were Centre . Lost seen wearing. Micro. .
HC000TJIQ,HC000TJIQ_600,-1,-1,-1,-1,Freedom House report author. Rongorongo. Arch Paddington.
HC000TJIQ,HC000TJIQ_1700,-1,-1,-1,-1,Johns Hopkins School of Advanced International Studies. Ponce compare compound commoner comarca. James Mann.
HC000TJIQ,HC000TJIQ_2800,-1,-1,-1,-1,In economics and game consoles. Glen Aghsan. Freedom House research assistant.
IC0011WLZ,IC0011WLZ_2000,-1,-1,-1,-1,Belgium. The swing be. Christian. 1536 Paula (HT). Dunstan De Paoli. Anne des Charmides. Very Best 73.
IC0011WLZ,IC0011WLZ_2000,-1,-1,-1,-1,. Hans (AS). Cold print service www. com
IC0019N3W,IC0019N3W_100,-1,-1,-1,-1, as they fight for control. Violence between protestors. Land police in Kiev intensifies. of Maidan Square. Thursday 20 Feb 2014.
IC0019N3W,IC0019N3W_200,-1,-1,-1,-1,This BBC Newsnight film is the team witnessing sniper fire. footage of protestors  made up primarily of unbroadcast.
IC0019N3W,IC0019N3W_300,-1,-1,-1,-1,made up primarily of unbroadcast. the team witnessing sniper fire. This BBC Newsnight film is footage of protestors
IC0019N8T,IC0019N8T_1400,-1,-1,-1,-1,Родить рекичто Tribute honour Glennewsstandgalleon. камера порядка рекиземя. . ( Могучая - Shabalin Mikhail Konstantinovich.  море поморе на care news front into. Anatahan. Марков подводная рука и по друштвополем. Stone - по всея
IC001AECO,IC001AECO_400,-1,-1,-1,-1,The lead. Voice Of Erica Green 1 Baltimore Sun Reporter. Breaking News. A (-8.77. Police violent
IC001AECO,IC001AECO_100,-1,-1,-1,-1,The LED. Breaking News. Down 42.17. Police violent
IC001AECO,IC001AECO_1200,-1,-1,-1,-1,Police violent The lead. Breaking News. Down - 2.17.
IC001AECO,IC001AECO_1700,-1,-1,-1,-1,Breaking News. ASIPMET The LED. Police. Several Officers injured in Baltimore protects (CNN.
IC001AECO,IC001AECO_1900,-1,-1,-1,-1,The lead. Breaking News.  at least 7 officers wounded in riots. As 31.84.
IC001AECO,IC001AECO_2200,-1,-1,-1,-1,Breaking News. 435 m). The lead. Police inquire going to see tear gas (.
IC001AECO,IC001AECO_1500,-1,-1,-1,-1,The CAD Breaking News. Police several Officer injured in Baltimore protects (. St 8.77
IC001AECO,IC001AECO_2100,-1,-1,-1,-1,The lead. Breaking News. 4.35 Pm Police some officers have broken bones (CN)
IC001AECO,IC001AECO_2000,-1,-1,-1,-1,The lead. Breaking News. Police some officers have broken bones (. A (-8.77
IC001AECO,IC001AECO_1800,-1,-1,-1,-1,The CAD. 1:31 Pm Breaking News. Police several Officer injured in Baltimore protects (.
IC001AECO,IC001AECO_2300,-1,-1,-1,-1,Police You're going to see tear gas (. The (CAD) 1:35 Pm Breaking News.
IC001JWEG,IC001JWEG_21900,-1,-1,-1,-1,A drop back to 1853 before mouth happiness.
IC001JWEG,IC001JWEG_32000,-1,-1,-1,-1,Peck network Gallup poll tax policy 35 24-Брин.
IC001JWEG,IC001JWEG_11100,-1,-1,-1,-1,The port and a network of railway urban Колоши.
IC001MJPZ,IC001MJPZ_3100,-1,-1,-1,-1,Ian Africans icon. borders freedom. Solidarity without west in solidarity with are. AndrianAfricansinuses. Jersey border.
IC001MOKV,IC001MOKV_1400,-1,-1,-1,-1,Beaver combines dominates in Wales Hong Kong Legislative Council. James Lien.
IC001MOKV,IC001MOKV_1500,-1,-1,-1,-1,Hans Christian components. James ten. Hong Kong Legislative Council.
HC0005BR6,HC0005BR6_3500,-1,-1,-1,-1,. A 53.20. One year ago bloodshed in Kiev Maidan Square  CNN.
HC0005BR6,HC0005BR6_700,-1,-1,-1,-1,8:38 CE. . One year ago bloodshed in Kevin Maidan square (.
HC0005BR6,HC0005BR6_5300,-1,-1,-1,-1,Nikkei 67.51. One year ago bloodshed in civic Maidan square CNN. The .
HC0005BR6,HC0005BR6_3300,-1,-1,-1,-1,Nikkei 67.51. One year ago bloodshed in Kiev Maidan square CNN. .
HC0005BR6,HC0005BR6_1200,-1,-1,-1,-1,Nikkei 67.51. One year ago bloodshed in Kiev Maidan square CNN. .
HC0005BR6,HC0005BR6_5600,-1,-1,-1,-1,. A 53.20. Lone Year or bloodshed in Kevin Maidan Square.
HC0005BR6,HC0005BR6_2400,-1,-1,-1,-1,A ASX . One year ago bloodshed in Kiev's Maidan Square (.
HC0005BR6,HC0005BR6_5000,-1,-1,-1,-1,Hsi. One Verrio bloodshed in Kiev Maidan Square CNN. .
HC0005BR6,HC0005BR6_2800,-1,-1,-1,-1,108:59 CE. . One year ago bloodshed in Kevin Maidan square CNN.
HC0005BR6,HC0005BR6_400,-1,-1,-1,-1,. One year ago bloodshed in Kiev Maidan clade CNN. A 53.20.
HC0005BR6,HC0005BR6_3400,-1,-1,-1,-1,Gap ASX. . One year or bloodshed in emic Maidan square (.
HC0005BR6,HC0005BR6_300,-1,-1,-1,-1,One year ago bloodshed in Kiev mean square (. A ASX .
HC0005BR6,HC0005BR6_1100,-1,-1,-1,-1,Nikkei 67.51. The . One wear a bloodshed in Kiev Madan Square (.
HC0005BR6,HC0005BR6_900,-1,-1,-1,-1,HSI. . One year ago bloodshed in Kiev Maiden square CNN.
HC0005BR6,HC0005BR6_5400,-1,-1,-1,-1,Nikkei The . One year ago bloodshed in Kiev Maidan Square.
HC0005BR6,HC0005BR6_1700,-1,-1,-1,-1,0858 GET. . Lone Year ago bloodshed in Kiev Maidan square CNN.
HC0005BR6,HC0005BR6_4700,-1,-1,-1,-1,10740 GMT. . One year ago bloodshed in Kiev Maidan Saladin.
HC0005BR6,HC0005BR6_1000,-1,-1,-1,-1,ROSPI3.22 . One year ago bloodshed in Kiev Madan square CNN.
HC0005BR6,HC0005BR6_2500,-1,-1,-1,-1,Dr. Olga Bogmolets Medical Team Chief. . A 33.20. One year ago. bloodshed in Kiev's Maidan square (.
HC0005BR6,HC0005BR6_5800,-1,-1,-1,-1,07:41 GMT . One year ago bloodshed in Kiev Maidan square (N.
HC0005BR6,HC0005BR6_2100,-1,-1,-1,-1,OSI3.22. . One year bloodshed in Kiev Maidan Square.
HC0005BR6,HC0005BR6_1400,-1,-1,-1,-1,One year ago bloodshed in Kiev's Maidan Square (. A 53.20 .
HC0005BR6,HC0005BR6_6000,-1,-1,-1,-1,. 08:41 CET. One year ago bloodshed in Kevin Maidan Square CNN.
HC0005BR6,HC0005BR6_3100,-1,-1,-1,-1,OSPI3.22. . One near ago bloodshed in Kiev Maidan square CNN.
HC0005BR6,HC0005BR6_3200,-1,-1,-1,-1,Lone Year of bloodshed in civic Madan Square  (. . Nikkei 67.51.
HC0005BR6,HC0005BR6_4100,-1,-1,-1,-1,KSR15.22. One year ago bloodshed in civic Maidan Square. .
HC0005BR6,HC0005BR6_600,-1,-1,-1,-1,107:38 GMT. . One Year got bloodshed in Kiev Maidan clade CNN.
HC0005BR6,HC0005BR6_200,-1,-1,-1,-1,A ASX . One year ago bloodshed in Kevin Maidan Saladin.
HC0005BR6,HC0005BR6_4500,-1,-1,-1,-1,A ASX. One year ago bloodshed in Kiev Maiden square CNN. The .
HC0005BR6,HC0005BR6_2700,-1,-1,-1,-1,1759 GMT . Lone Year ago bloodshed in Kevin Maidan square CNN.
HC0005BR6,HC0005BR6_4200,-1,-1,-1,-1,KSR13.22. One Year ago bloodshed in Kevin Maidan Square (. .
HC0005BR6,HC0005BR6_2600,-1,-1,-1,-1,2007:59 GMT. . Dr. Olga Bagomolets  Medical Team Chief. One year ago. bloodshed in Kiev's Maidan Square (.
HC0005BR6,HC0005BR6_4600,-1,-1,-1,-1,Nevada bloodshed in Kiev Maidan Square CNN. A 35.20 .
HC0005BR6,HC0005BR6_1300,-1,-1,-1,-1,Gap ASX. . One year ago bloodshed in Kiev Maidan square CNN.
HC0005BR6,HC0005BR6_1900,-1,-1,-1,-1,HSI One Year ago bloodshed in Kiev Maidan square . The .
HC0005BR6,HC0005BR6_5500,-1,-1,-1,-1,GPAs. The . One year of bloodshed in Kiev Madan Square (.
HC0005BR6,HC0005BR6_5200,-1,-1,-1,-1,OSPIA 3.22. One Year ago bloodshed in Kiev Maiden square CNN. .
HC0005BR6,HC0005BR6_4800,-1,-1,-1,-1,107:40G. . One year ago bloodshed in Kiev Maidan Square (.
HC0005BR6,HC0005BR6_3900,-1,-1,-1,-1,08:40 CET. . In Year ago bloodshed in Kevin Madan square CNN.
HC0005BR6,HC0005BR6_4900,-1,-1,-1,-1,08:00 CET. One year got bloodshed in Kiev Maidan square CNN. .
HC0005BR6,HC0005BR6_4400,-1,-1,-1,-1,GPAK -22.70 . One year ago bloodshed in civic Maidan Square CNN.
HC0005BR6,HC0005BR6_1500,-1,-1,-1,-1,CONE Year ago bloodshed in Kiev's Maidan Square (. A 33.20. .
HC0005BR6,HC0005BR6_2200,-1,-1,-1,-1,Nikkei 67.51. The . One Year ago bloodshed in Kiev Maidan square .
HC0005BR6,HC0005BR6_500,-1,-1,-1,-1,107:58 GMT Ione near ago bloodshed in Kiev Maidan square (. .
HC0005BR6,HC0005BR6_100,-1,-1,-1,-1,The following video contains. may find disturbing. Warning. graphic images that some viewers.
HC0005BR6,HC0005BR6_2000,-1,-1,-1,-1,SPI 3.22. One year ago bloodshed in Vedic Maidan square (. .
HC0005BR6,HC0005BR6_1600,-1,-1,-1,-1,One year ago bloodshed in Kiev's Maidan square (. 17:58 GMT .
HC0005BR6,HC0005BR6_5700,-1,-1,-1,-1,The . A 53.20 Never bloodshed in Kiev Maidan Square CNN.
HC0005BR6,HC0005BR6_3800,-1,-1,-1,-1,108:00 CET. One year ago bloodshed in Kiev Maidan square (. .
HC0005BR6,HC0005BR6_800,-1,-1,-1,-1,HSI. . One year ago bloodshed in Kiev Maidan square CNN.
HC0005BR6,HC0005BR6_3000,-1,-1,-1,-1,HSI. . NeveArago bloodshed in Kiev Maidan Square CNN.
HC0005BR6,HC0005BR6_4000,-1,-1,-1,-1,HSI. One Year ago bloodshed in Kiev Madan Square CNN. .
HC0005BR6,HC0005BR6_5900,-1,-1,-1,-1,). 19841 CE. The Year ago bloodshed in Kiev Maidan square (.
HC0005BR6,HC0005BR6_2300,-1,-1,-1,-1,Gap ASX. One Vedic bloodshed in Kiev Maidan Square CNN. .
HC0005BR6,HC0005BR6_1800,-1,-1,-1,-1,108:38 CE. . One year ago bloodshed in Kiev maiden Square (N.
HC0005BR6,HC0005BR6_5100,-1,-1,-1,-1,HSI. In Year ago bloodshed in Kiev Maidan square (. .
HC000QT19,HC000QT19_100,-1,-1,-1,-1,Nuclear Security Summit. President Obama meets with members of P5+ at the Washington
HC000TBU1,HC000TBU1_1200,-1,-1,-1,-1,courtesy U.S. Centers for Disease Control and Prevention.
HC000TBU1,HC000TBU1_1100,-1,-1,-1,-1,courtesy U.S. Centers for Disease Control and Prevention.
HC000TBYO,HC000TBYO_1100,-1,-1,-1,-1,courtesy U.S. Centers for Disease Control and Prevention.
HC000TBYO,HC000TBYO_1200,-1,-1,-1,-1,courtesy U.S. Centers for Disease Control and Prevention.
HC000TQLE,HC000TQLE_3300,-1,-1,-1,-1,courtesy U.S. Centers for Disease Control and Prevention.
IC001ELS8,IC001ELS8_1200,-1,-1,-1,-1,National Geographic magazine. Cook for more about vultures in the January 2016 issue of
IC001ELS8,IC001ELS8_1300,-1,-1,-1,-1,National Geographic magazine. Cook for more about vultures in the January 2016 issue of
IC001ELS8,IC001ELS8_1100,-1,-1,-1,-1,In some parts of the world. Culture populations have declined by. poisoning by humans and habitat loss.  up to 95 percent
IC001O90J,IC001O90J_2900,-1,-1,-1,-1,Jack Earnest. Kingston Mines contones. White House spokesman.
