HC0005CNR,HC0005CNR_3300,-1,-1,-1,-1,война. районного  мыс (3. Росси́йские  . Олена. Союза . Восток Луна рука. 19031362080.
HC0005CNR,HC0005CNR_1900,-1,-1,-1,-1,город. наша завод теле  на рука .
HC0005CNR,HC0005CNR_200,-1,-1,-1,-1,"Человек Валерий . Весна  теле. Словени"" полем  теле наша. Сражение."
IC0019N91,IC0019N91_3900,-1,-1,-1,-1,флота пресвятой  земя. всея Восток.  комитет внутренних. олон  завод Степанович. дел олон Багратио́н  is a 1.  комитет   рука татар. Петропавловск . Битва  кнут лодка наказáние
IC0019NAY,IC0019NAY_4300,-1,-1,-1,-1,частная  Сорок Наталья народна Валерий German hip hop.
IC0019NAY,IC0019NAY_400,-1,-1,-1,-1,крепость  полем Преступлéние. Лисенко камера с  теле. Опытное камера земя сили завод Народный дел. ПРОЦ. Ленина Лада. Министерство Анато́лий Сино.
IC0019NAY,IC0019NAY_500,-1,-1,-1,-1,Seaman. крепость Карл Православная. Опытное камера Человек завод Народный дел. Сино Стерн Астана пальто.   на Лада. комиссариатЛисенко. наша.
IC001JVFT,IC001JVFT_2600,-1,-1,-1,-1,реки татар  1944 Годунов край потили пальто партии 621. Главноезастава. .
IC001JVFT,IC001JVFT_400,-1,-1,-1,-1,Главное Новая. . край всея на Стерн битва Денисович. Лада Василий на Луна.
IC0019N7Q,IC0019N7Q_100,-1,-1,-1,-1,дел озеро пресвятой наша крепость Александр   Дмитриевич.
IC0019N8T,IC0019N8T_900,-1,-1,-1,-1,The today. Стерн.  битва армия. Павлович Наталья об тили. край мыс. Армия Новосиби́рская Державне политика. Никола Модерн с об.
IC0019NAK,IC0019NAK_26300,-1,-1,-1,-1,дел Верховный  т партии Романова Заки Лисенко.
IC001JFBZ,IC001JFBZ_200,-1,-1,-1,-1,San Kvam. полем 60-80. Управление политика великий битва.
IC001JWEG,IC001JWEG_8900,-1,-1,-1,-1,Ленина Борис Бережная Третий Русского ГАЗ по Управление.
IC001JWEG,IC001JWEG_50700,-1,-1,-1,-1, Mock. ЯрАНТК Русского ГАЗПРОЦРСДРПНЭПМариягород (12.0 Pm Народный дел України СНГ: Пётр Алани  полем  XII ДержавнеКОНОНАКОНИван. .
HC0005FMK,HC0005FMK_4100,-1,-1,-1,-1,город РКК Екатерина Миро́нович Нива при союзные по телефон социа́л ГАЗАНТК ПРОЦЕРККОНА море Чернойкнут.
HC0005HTW,HC0005HTW_6000,-1,-1,-1,-1,Прокоф. Новая сили великий полем завод  or пресвятой.  камера  застава.  всея Викторе море. мир Ленин исправи́тельно Словени Главное.
HC0005HTW,HC0005HTW_6200,-1,-1,-1,-1,"Совет мир Ленин исправи́тельно  наша Привет. Аркан Листьев  Главное. комиссариат великий  всея битва. Трохим Косову. Привет ""Курск политика."
IC0019MYU,IC0019MYU_8700,-1,-1,-1,-1,Павел Гуревич Народный герои Лесной республики.
